zone_id,fallback_wave_height_m,fallback_wave_direction_deg,fallback_wave_period_s,fallback_sst_c
PFZ0001,1.8,236.0,8.35,29.2
PFZ0002,0.92,203.0,6.75,29.1
PFZ0003,1.2,207.0,7.5,28.9
PFZ0004,1.2,207.0,7.5,28.9
PFZ0005,1.28,212.0,7.65,28.9
PFZ0006,1.28,212.0,7.65,28.9
PFZ0007,1.22,217.0,7.0,28.8
PFZ0008,1.22,217.0,7.0,28.8
PFZ0009,1.22,217.0,7.0,28.8
PFZ0010,1.44,228.0,7.25,28.9
PFZ0011,1.46,228.0,7.55,28.9
PFZ0012,1.36,238.0,6.65,28.8
PFZ0013,1.3,248.0,6.25,28.9
PFZ0014,0.82,228.0,5.75,29.2
PFZ0015,1.72,235.0,8.75,29.0
PFZ0016,0.76,206.0,6.5,28.9
PFZ0017,0.84,206.0,7.2,28.8
PFZ0018,2.18,228.0,9.7,29.0
PFZ0019,1.08,206.0,8.15,28.7
PFZ0020,1.7,210.0,9.7,28.8
PFZ0068,0.72,246.0,9.8,27.5
PFZ0069,0.72,246.0,9.8,27.5
PFZ0070,0.72,246.0,9.8,27.5
PFZ0071,0.72,246.0,9.8,27.5
PFZ0072,0.98,239.0,10.5,28.0
PFZ0073,0.98,239.0,10.5,28.0
PFZ0074,0.98,239.0,10.5,28.0
PFZ0075,0.98,239.0,10.5,28.0
PFZ0076,1.28,236.0,10.55,28.3
PFZ0077,1.28,236.0,10.55,28.3
PFZ0078,1.38,227.0,10.75,28.2
PFZ0079,1.38,227.0,10.75,28.2
PFZ0080,1.46,226.0,10.65,28.3
PFZ0081,0.66,225.0,10.6,27.8
PFZ0082,0.66,225.0,10.6,27.8
PFZ0083,0.88,224.0,10.85,28.0
PFZ0084,1.46,226.0,10.65,28.3
PFZ0085,1.32,226.0,10.95,28.3
PFZ0086,1.04,224.0,11.1,28.2
PFZ0087,1.32,226.0,10.95,28.3
PFZ0088,1.7,212.0,11.05,28.5
PFZ0089,1.64,212.0,11.0,28.3
PFZ0090,1.04,228.0,10.75,27.7
PFZ0091,1.64,212.0,11.0,28.3
PFZ0092,1.36,221.0,11.05,28.0
PFZ0093,1.62,213.0,10.95,28.2
PFZ0094,1.5,215.0,11.0,28.0
PFZ0095,1.62,213.0,10.95,28.2
PFZ0096,1.5,215.0,11.0,28.0
PFZ0097,1.66,211.0,10.95,28.2
PFZ0098,1.38,216.0,10.7,27.7
PFZ0099,1.48,216.0,10.85,27.7
PFZ0100,1.34,213.0,11.0,27.5
PFZ0101,1.34,213.0,11.0,27.5
PFZ0102,1.5,209.0,10.85,27.6
PFZ0103,1.46,208.0,10.9,27.4
PFZ0104,1.56,212.0,10.65,27.6
PFZ0105,1.56,212.0,10.4,27.6
PFZ0106,1.56,212.0,10.4,27.6
PFZ0107,1.62,207.0,10.85,27.7
PFZ0108,1.82,201.0,11.15,27.7
PFZ0109,1.8,202.0,11.1,27.6
PFZ0110,1.8,200.0,11.1,27.7
PFZ0111,1.8,200.0,11.1,27.7
PFZ0112,1.82,200.0,11.1,27.7
PFZ0113,1.72,204.0,11.05,27.0
PFZ0114,1.82,200.0,11.1,27.7
PFZ0115,1.84,199.0,11.15,28.0
PFZ0116,1.72,204.0,11.05,27.0
PFZ0117,1.86,198.0,11.15,28.2
PFZ0118,1.76,202.0,11.0,27.2
PFZ0119,1.86,198.0,11.15,28.2
PFZ0120,1.76,202.0,11.0,27.2
PFZ0121,1.88,197.0,11.2,28.3
PFZ0122,1.82,200.0,11.0,27.4
PFZ0123,1.84,198.0,11.05,27.6
PFZ0124,1.84,198.0,11.05,27.6
PFZ0125,1.9,195.0,11.1,28.2
PFZ0126,1.9,195.0,11.1,28.2
PFZ0127,1.92,194.0,11.15,28.3
PFZ0128,1.94,192.0,11.15,28.1
PFZ0129,1.94,191.0,11.15,27.9
PFZ0130,1.94,191.0,11.15,27.9
PFZ0131,1.98,191.0,11.2,28.1
PFZ0132,1.98,191.0,11.2,28.3
PFZ0133,1.98,191.0,11.2,28.3
PFZ0134,1.98,191.0,11.15,28.4
PFZ0135,1.98,191.0,11.15,28.4
PFZ0136,1.98,191.0,11.1,28.3
PFZ0137,1.98,191.0,11.1,28.3
PFZ0138,1.8,192.0,10.8,26.6
PFZ0139,1.8,192.0,10.8,26.6
PFZ0141,1.94,191.0,11.0,27.9
PFZ0144,1.94,191.0,11.0,27.9
PFZ0147,1.94,191.0,10.95,27.6
PFZ0150,1.94,191.0,10.9,27.8
PFZ0152,1.96,190.0,10.9,27.9
PFZ0153,1.96,190.0,10.9,27.9
PFZ0154,1.96,190.0,10.9,27.9
PFZ0155,1.96,190.0,10.95,28.1
PFZ0156,1.96,190.0,10.95,28.1
PFZ0157,1.96,189.0,10.95,28.3
PFZ0158,2.14,232.0,9.7,28.9
PFZ0159,1.92,241.0,9.45,29.0
PFZ0160,1.82,244.0,9.3,29.1
PFZ0161,2.16,227.0,10.15,29.1
PFZ0162,2.14,227.0,10.25,29.1
PFZ0163,1.66,253.0,8.95,29.2
PFZ0164,1.7,247.0,9.1,29.2
PFZ0165,1.84,203.0,11.05,29.2
PFZ0166,1.66,241.0,9.35,29.2
PFZ0167,1.66,224.0,9.9,29.2
PFZ0168,1.86,238.0,9.9,29.1
PFZ0170,1.96,210.0,10.9,29.3
PFZ0171,1.96,210.0,10.85,29.2
PFZ0172,2.06,211.0,10.85,29.4
PFZ0173,2.06,209.0,10.9,29.4
PFZ0174,1.66,199.0,10.5,29.4
PFZ0255,1.06,155.0,9.4,30.0
PFZ0256,1.1,157.0,9.3,30.1
PFZ0257,1.02,152.0,9.4,29.8
PFZ0260,1.02,152.0,9.35,29.8
PFZ0263,1.02,152.0,9.35,29.8
PFZ0264,1.02,152.0,9.3,29.8
PFZ0265,1.06,153.0,9.25,29.9
PFZ0266,1.08,153.0,9.15,29.9
PFZ0267,1.08,153.0,9.15,29.9
PFZ0268,1.12,155.0,9.05,30.0
PFZ0269,1.14,155.0,9.0,30.0
PFZ0270,1.16,157.0,9.0,30.1
PFZ0271,1.16,157.0,9.0,30.1
PFZ0272,1.18,157.0,8.95,30.1
PFZ0273,1.18,157.0,8.95,30.1
PFZ0274,1.2,158.0,8.95,30.2
PFZ0275,1.12,150.0,8.95,29.9
PFZ0276,1.12,150.0,8.95,29.9
PFZ0277,1.12,150.0,9.0,29.9
PFZ0278,1.08,148.0,9.05,29.7
PFZ0279,1.08,148.0,9.05,29.8
PFZ0280,1.06,145.0,9.1,29.6
PFZ0281,1.06,145.0,9.05,29.8
PFZ0282,1.06,145.0,9.05,29.7
PFZ0283,1.02,145.0,9.1,29.7
PFZ0284,1.02,145.0,9.05,29.7
PFZ0285,0.94,142.0,9.1,29.8
PFZ0286,0.92,141.0,9.1,29.9
PFZ0287,0.84,137.0,9.2,29.8
PFZ0288,0.82,136.0,9.25,29.8
PFZ0289,0.82,136.0,9.25,29.8
PFZ0290,0.88,139.0,9.15,29.9
PFZ0291,1.04,146.0,8.7,30.1
PFZ0292,0.88,139.0,9.15,29.9
PFZ0293,1.08,149.0,8.6,30.1
PFZ0294,0.84,138.0,9.1,29.9
PFZ0295,0.92,142.0,8.95,30.0
PFZ0296,1.08,149.0,8.6,30.1
PFZ0297,0.88,141.0,8.95,29.9
PFZ0298,1.06,149.0,8.6,30.1
PFZ0299,1.06,149.0,8.55,30.1
PFZ0300,1.06,149.0,8.55,30.1
PFZ0301,1.04,149.0,8.45,30.0
PFZ0302,1.08,153.0,8.4,30.1
PFZ0303,1.08,154.0,8.35,30.1
PFZ0304,1.14,157.0,8.3,30.1
PFZ0305,0.94,146.0,8.45,29.9
PFZ0306,0.94,146.0,8.45,29.9
PFZ0307,0.92,146.0,8.3,29.9
PFZ0308,0.9,146.0,8.15,29.9
PFZ0309,0.9,146.0,8.15,29.9
PFZ0310,0.88,146.0,8.0,29.9
PFZ0311,0.88,146.0,8.0,29.9
PFZ0312,0.92,152.0,7.8,29.9
PFZ0313,0.92,152.0,7.8,29.9
PFZ0314,0.96,158.0,7.7,29.9
PFZ0315,1.26,158.0,10.0,29.0
PFZ0327,0.88,143.0,8.75,30.2
PFZ0332,0.98,151.0,9.1,29.8
PFZ0333,0.86,146.0,8.55,29.8
PFZ0336,0.94,151.0,9.35,30.0
GRID_0002,2.62,226.0,9.6,28.3
GRID_0003,1.76,171.0,9.1,28.3
GRID_0005,1.86,209.0,10.9,29.7
GRID_0008,2.12,244.0,9.35,28.8
GRID_0014,1.98,232.0,8.55,29.0
GRID_0016,2.4,204.0,9.65,28.7
GRID_0018,2.2,223.0,9.15,28.0
GRID_0021,2.4,230.0,9.85,28.7
GRID_0022,2.04,190.0,9.35,29.3
GRID_0024,2.6,234.0,9.75,28.5
GRID_0025,2.54,231.0,9.8,28.7
GRID_0026,2.2,216.0,9.75,28.9
GRID_0029,1.78,207.0,10.75,29.7
GRID_0031,1.92,216.0,9.95,28.7
GRID_0032,1.86,194.0,10.9,30.3
GRID_0033,2.32,229.0,10.0,28.9
GRID_0036,0.54,152.0,8.25,29.0
GRID_0049,0.86,141.0,8.95,29.8
GRID_0052,1.98,206.0,11.0,29.7
GRID_0053,2.28,189.0,9.9,29.3
GRID_0056,0.58,178.0,3.8,31.7
GRID_0059,2.08,186.0,9.4,29.9
GRID_0060,2.2,213.0,9.85,28.8
GRID_0061,2.56,233.0,9.8,28.6
GRID_0062,2.12,195.0,10.95,29.6
GRID_0066,1.3,205.0,11.05,27.4
GRID_0071,2.02,204.0,10.7,29.6
GRID_0073,2.62,220.0,10.2,29.0
GRID_0078,2.22,211.0,9.7,28.9
GRID_0079,2.06,208.0,10.85,29.5
GRID_0080,1.98,233.0,8.65,28.9
GRID_0082,2.28,205.0,9.6,28.8
GRID_0083,1.86,212.0,8.4,28.2
GRID_0084,0.72,137.0,8.25,29.7
GRID_0086,1.78,187.0,9.2,29.9
GRID_0087,2.38,234.0,9.85,28.6
GRID_0089,2.62,230.0,9.15,28.1
GRID_0092,2.5,215.0,10.3,29.2
GRID_0093,2.02,241.0,9.35,28.9
GRID_0094,2.52,208.0,10.1,29.0
GRID_0097,2.72,236.0,9.2,28.4
GRID_0098,2.48,230.0,9.4,28.2
GRID_0099,2.64,218.0,10.25,29.1
GRID_0100,2.0,234.0,8.75,29.1
GRID_0101,1.8,241.0,8.1,28.9
GRID_0102,2.24,238.0,9.7,28.7
GRID_0105,1.98,185.0,8.9,29.6
GRID_0106,2.44,216.0,11.6,29.0
GRID_0112,2.78,230.0,9.15,27.9
GRID_0113,2.02,176.0,9.1,29.2
GRID_0114,1.88,244.0,9.35,29.1
GRID_0115,2.0,248.0,8.4,28.8
GRID_0117,2.58,234.0,9.8,28.5
GRID_0122,1.48,221.0,6.55,29.0
GRID_0124,2.62,235.0,9.7,28.5
GRID_0127,1.9,197.0,10.95,30.3
GRID_0129,2.66,234.0,9.25,28.3
GRID_0130,2.64,219.0,10.2,29.0
GRID_0135,2.08,210.0,10.8,29.4
GRID_0137,2.36,214.0,10.2,29.1
GRID_0138,0.96,183.0,8.25,30.2
GRID_0139,2.56,223.0,9.75,28.3
GRID_0142,2.16,222.0,9.65,28.9
GRID_0144,1.44,168.0,9.45,27.7
GRID_0146,2.18,204.0,9.6,27.5
GRID_0147,2.08,210.0,10.55,29.3
GRID_0148,1.86,202.0,10.85,29.9
GRID_0149,2.22,195.0,10.9,29.7
GRID_0150,2.22,211.0,9.4,28.7
GRID_0151,0.58,252.0,4.75,29.3
GRID_0160,1.86,205.0,11.0,30.0
GRID_0166,1.86,201.0,10.85,30.0
GRID_0167,1.86,184.0,8.4,30.0
GRID_0169,2.16,226.0,10.25,29.1
GRID_0171,2.02,196.0,8.8,29.2
GRID_0172,1.86,199.0,10.9,30.2
GRID_0175,2.34,194.0,10.6,28.7
GRID_0179,1.54,258.0,8.65,29.2
GRID_0181,1.54,176.0,8.55,29.5
GRID_0182,2.62,236.0,9.65,28.3
GRID_0183,2.52,230.0,9.5,28.6
GRID_0185,2.46,234.0,9.85,28.5
GRID_0186,2.2,216.0,9.65,28.9
GRID_0187,2.76,214.0,10.35,28.9
GRID_0188,2.24,216.0,9.85,28.8
GRID_0189,1.92,240.0,8.6,28.9
GRID_0192,2.54,235.0,9.8,28.5
GRID_0193,2.1,228.0,9.3,28.8
GRID_0195,2.34,194.0,10.55,28.7
GRID_0197,2.4,240.0,9.65,28.6
GRID_0198,1.94,183.0,9.5,29.5
GRID_0202,1.92,235.0,8.7,28.8
GRID_0204,2.18,215.0,9.55,28.8
GRID_0205,2.34,192.0,10.5,29.0
GRID_0206,2.6,209.0,10.1,28.9
GRID_0207,1.82,214.0,9.2,29.6
GRID_0208,2.22,234.0,9.75,28.8
GRID_0210,0.68,228.0,8.9,29.9
GRID_0212,1.88,192.0,9.05,29.3
GRID_0214,0.82,241.0,5.55,29.1
GRID_0218,2.78,233.0,9.1,28.1
GRID_0222,1.78,171.0,9.3,28.3
GRID_0223,0.58,163.0,6.2,29.4
GRID_0224,1.94,232.0,9.3,29.0
GRID_0225,1.48,243.0,7.25,29.0
GRID_0226,1.3,162.0,9.45,30.3
GRID_0227,1.88,199.0,10.9,30.2
GRID_0228,1.98,208.0,10.95,29.6
GRID_0229,2.34,225.0,11.1,29.0
GRID_0230,1.32,206.0,8.1,29.0
GRID_0232,2.34,191.0,10.6,29.1
GRID_0236,2.56,220.0,10.4,29.0
GRID_0237,1.96,187.0,11.2,28.6
GRID_0239,1.76,178.0,9.05,29.3
GRID_0240,2.34,223.0,10.15,28.9
GRID_0244,1.88,207.0,11.0,29.8
GRID_0245,2.46,228.0,9.8,28.8
GRID_0247,1.94,202.0,11.0,29.8
GRID_0249,2.54,231.0,9.7,28.6
GRID_0250,1.94,239.0,8.8,28.8
GRID_0252,1.92,201.0,10.8,29.8
GRID_0254,2.64,211.0,10.45,28.9
GRID_0256,2.02,246.0,8.4,28.8
GRID_0260,1.64,157.0,11.05,30.1
GRID_0261,2.48,206.0,9.9,28.8
GRID_0263,2.56,220.0,10.4,29.0
GRID_0265,2.24,189.0,9.35,29.6
GRID_0266,1.56,163.0,9.55,28.4
GRID_0269,2.3,208.0,10.3,29.4
GRID_0270,2.5,230.0,9.55,28.5
GRID_0272,2.8,213.0,10.35,28.7
GRID_0274,1.5,237.0,7.1,28.9
GRID_0275,2.08,208.0,10.8,29.3
GRID_0278,1.8,182.0,9.65,29.9
GRID_0279,2.3,200.0,10.7,29.5
GRID_0280,2.2,222.0,9.7,28.9
GRID_0281,1.96,204.0,10.9,29.7
GRID_0282,1.68,179.0,8.95,29.5
GRID_0283,2.52,221.0,9.85,28.5
GRID_0285,1.92,240.0,8.35,28.9
GRID_0287,0.98,144.0,9.4,30.0
GRID_0289,2.36,229.0,9.35,28.3
GRID_0290,2.52,232.0,9.5,28.6
GRID_0291,2.08,212.0,10.75,29.4
GRID_0292,2.3,205.0,9.85,28.8
GRID_0293,1.86,229.0,8.7,26.9
GRID_0294,2.24,216.0,10.35,29.2
GRID_0296,2.54,232.0,9.55,28.6
GRID_0298,1.72,205.0,10.9,30.0
GRID_0301,1.94,175.0,8.75,28.9
GRID_0302,2.4,230.0,9.85,28.8
GRID_0306,2.56,218.0,11.3,29.0
GRID_0307,2.32,198.0,10.75,28.4
GRID_0308,1.92,198.0,10.95,30.3
GRID_0310,2.12,228.0,10.15,29.0
GRID_0312,2.78,233.0,9.2,28.2
GRID_0314,2.44,228.0,9.1,28.1
GRID_0316,0.48,177.0,3.45,31.4
GRID_0317,2.0,187.0,9.65,29.3
GRID_0318,1.86,182.0,9.65,29.8
GRID_0322,1.96,189.0,10.95,27.5
GRID_0323,1.94,238.0,8.6,28.9
GRID_0324,1.76,161.0,11.1,30.0
GRID_0326,2.5,234.0,9.8,28.5
GRID_0328,2.0,224.0,9.6,28.6
GRID_0330,2.5,218.0,10.2,29.1
GRID_0333,2.32,223.0,10.15,29.0
GRID_0334,2.1,227.0,9.35,28.8
GRID_0337,2.6,217.0,10.25,29.1
GRID_0338,2.38,191.0,9.6,29.1
GRID_0340,2.06,206.0,10.85,29.4
GRID_0341,2.14,214.0,10.4,29.2
GRID_0344,1.5,239.0,8.4,29.0
GRID_0347,2.32,206.0,9.9,28.8
GRID_0348,2.6,218.0,10.25,29.1
GRID_0352,0.78,147.0,8.45,29.5
GRID_0353,1.12,150.0,8.8,30.1
GRID_0356,2.12,222.0,9.9,28.7
GRID_0358,2.36,228.0,9.25,28.2
GRID_0359,1.46,206.0,10.7,30.6
GRID_0360,2.48,229.0,9.65,28.5
GRID_0362,1.98,230.0,9.5,29.1
GRID_0363,1.84,180.0,9.4,29.6
GRID_0366,1.56,215.0,10.6,30.1
GRID_0367,2.44,205.0,9.75,28.7
GRID_0368,2.24,216.0,9.7,28.8
GRID_0371,1.56,176.0,9.3,29.5
GRID_0373,2.46,218.0,10.2,29.0
GRID_0374,2.2,233.0,8.9,28.3
GRID_0375,2.2,188.0,10.8,29.1
GRID_0377,1.82,196.0,10.9,30.4
GRID_0380,2.14,229.0,9.15,28.1
GRID_0381,2.18,202.0,10.15,27.6
GRID_0382,2.28,212.0,10.4,29.2
GRID_0385,2.3,190.0,9.2,27.4
GRID_0387,1.96,198.0,8.65,29.2
GRID_0390,2.3,189.0,9.75,29.2
GRID_0391,2.58,217.0,10.3,29.1
GRID_0392,2.56,208.0,10.1,28.9
GRID_0395,1.84,246.0,8.8,28.8
GRID_0396,2.18,216.0,10.4,29.2
GRID_0397,0.62,175.0,3.85,31.4
GRID_0399,1.66,224.0,8.45,28.8
GRID_0400,2.66,209.0,9.95,28.8
GRID_0401,1.22,157.0,8.8,30.1
GRID_0402,2.32,210.0,10.05,29.1
GRID_0403,2.06,211.0,10.9,29.5
GRID_0404,2.06,209.0,10.85,29.4
GRID_0405,2.66,228.0,9.5,28.3
GRID_0408,1.0,256.0,6.15,29.3
GRID_0409,1.86,183.0,8.3,30.1
GRID_0411,0.36,229.0,3.35,29.7
GRID_0412,2.08,211.0,10.5,29.5
GRID_0413,2.62,231.0,9.15,28.2
GRID_0414,1.94,192.0,8.3,29.4
GRID_0416,2.1,188.0,9.3,28.9
GRID_0417,2.38,204.0,9.9,28.8
GRID_0418,2.78,214.0,10.25,28.8
GRID_0420,1.44,256.0,9.1,28.1
GRID_0422,2.42,228.0,9.4,28.2
GRID_0423,1.52,211.0,10.55,27.6
GRID_0425,1.7,172.0,9.35,28.2
GRID_0428,1.9,228.0,8.95,26.9
GRID_0429,1.46,171.0,9.8,29.7
GRID_0430,1.74,240.0,9.45,29.0
GRID_0434,2.3,206.0,9.8,28.8
GRID_0436,2.24,228.0,11.2,29.3
GRID_0438,2.3,208.0,9.95,28.8
GRID_0439,2.74,235.0,9.1,28.2
GRID_0440,2.0,195.0,8.35,29.5
GRID_0441,2.2,188.0,9.9,29.6
GRID_0442,2.02,185.0,9.5,29.7
GRID_0443,2.4,228.0,9.35,28.3
GRID_0444,1.94,196.0,8.45,29.3
GRID_0449,2.28,231.0,9.9,28.8
GRID_0450,1.24,165.0,8.25,30.0
GRID_0451,2.46,228.0,9.35,28.2
GRID_0453,2.68,230.0,9.1,28.0
GRID_0459,2.08,210.0,10.5,29.4
GRID_0461,0.62,188.0,3.6,30.5
GRID_0463,1.84,245.0,8.1,28.6
GRID_0471,2.48,227.0,9.6,28.5
GRID_0472,1.98,193.0,11.05,30.5
GRID_0474,1.84,198.0,11.05,27.6
GRID_0476,2.68,219.0,10.05,29.0
GRID_0479,2.88,211.0,10.4,28.8
GRID_0480,2.22,207.0,10.2,27.9
GRID_0481,2.5,214.0,11.55,29.2
GRID_0483,1.92,238.0,8.7,28.8
GRID_0484,2.44,196.0,9.95,28.4
GRID_0485,2.5,219.0,11.1,29.1
GRID_0486,2.68,219.0,10.05,28.9
GRID_0488,2.52,221.0,10.9,29.1
GRID_0490,2.28,220.0,9.9,28.9
GRID_0491,2.48,232.0,9.85,28.6
GRID_0494,1.94,183.0,9.6,29.8
GRID_0495,1.22,222.0,7.65,29.1
GRID_0497,2.56,221.0,11.35,29.1
GRID_0501,2.26,206.0,9.75,28.8
GRID_0502,1.86,253.0,8.5,28.8
GRID_0506,1.92,230.0,9.3,28.8
GRID_0507,1.48,204.0,8.3,29.0
GRID_0508,2.28,221.0,10.3,28.9
GRID_0509,2.08,187.0,9.4,29.4
GRID_0510,2.08,208.0,10.55,29.5
GRID_0512,2.26,222.0,9.8,28.9
GRID_0516,2.34,199.0,10.55,28.5
GRID_0521,0.8,145.0,9.5,29.9
GRID_0526,2.22,217.0,9.55,28.8
GRID_0527,2.12,226.0,9.55,28.6
GRID_0529,1.58,251.0,9.4,29.2
GRID_0530,2.24,217.0,9.8,28.8
GRID_0531,2.64,235.0,9.4,28.3
GRID_0532,2.12,211.0,10.25,28.5
GRID_0533,2.48,237.0,9.75,28.5
GRID_0534,2.34,233.0,9.8,28.7
GRID_0535,1.64,246.0,9.15,29.1
GRID_0537,1.62,172.0,10.8,29.4
GRID_0538,2.0,183.0,9.8,29.4
GRID_0539,2.48,236.0,9.7,28.6
GRID_0540,2.44,225.0,9.8,28.8
GRID_0542,1.94,200.0,10.8,29.7
GRID_0546,2.3,201.0,10.4,28.5
GRID_0548,1.86,200.0,10.9,30.1
GRID_0551,2.44,227.0,9.85,28.8
GRID_0552,1.94,247.0,8.6,28.8
GRID_0553,2.32,193.0,10.4,28.8
GRID_0555,2.64,208.0,9.85,28.7
GRID_0556,1.72,226.0,8.6,28.8
GRID_0557,1.86,243.0,9.4,29.0
GRID_0762,1.06,235.0,9.75,30.0
GRID_0763,1.32,170.0,8.4,29.1
GRID_0764,2.28,212.0,10.1,29.0
GRID_0766,1.56,210.0,8.3,28.8
GRID_0767,1.84,204.0,10.95,30.0
GRID_0771,2.46,231.0,9.8,28.7
GRID_0775,2.22,213.0,9.9,28.9
GRID_0781,2.22,227.0,10.15,29.0
GRID_0782,1.44,153.0,11.1,29.7
GRID_0785,2.0,196.0,8.9,28.9
GRID_0787,0.32,160.0,5.35,29.8
GRID_0788,1.92,228.0,9.1,27.7
GRID_0790,1.98,242.0,8.7,28.8
GRID_0792,2.08,198.0,9.25,29.1
GRID_0795,2.58,233.0,9.55,28.5
GRID_0796,2.46,201.0,9.8,28.9
GRID_0799,2.16,225.0,9.5,28.9
GRID_0800,1.74,180.0,9.45,29.6
GRID_0802,1.4,247.0,6.9,29.0
GRID_0803,2.24,220.0,10.3,29.0
GRID_0805,1.7,186.0,9.0,29.9
GRID_0806,1.7,202.0,10.55,29.4
GRID_0807,1.64,250.0,8.55,29.1
GRID_0810,2.7,231.0,9.1,28.0
GRID_0811,1.96,176.0,9.05,29.2
GRID_0812,1.94,202.0,11.05,29.8
GRID_0814,2.4,205.0,9.75,29.0
GRID_0815,1.88,178.0,8.95,29.3
GRID_0816,2.04,208.0,10.55,29.4
GRID_0819,2.74,235.0,9.15,28.2
GRID_0820,1.64,232.0,8.5,28.9
GRID_0821,2.1,233.0,9.25,29.1
GRID_0823,1.96,195.0,8.4,29.4
GRID_0825,2.64,229.0,9.15,28.0
GRID_0826,2.42,230.0,9.45,28.4
GRID_0828,2.6,220.0,10.25,29.0
GRID_0829,1.86,217.0,9.9,29.0
GRID_0831,1.98,205.0,10.7,29.5
GRID_0834,1.6,232.0,8.1,29.0
GRID_0837,2.32,228.0,9.6,29.0
GRID_0841,2.26,219.0,10.35,29.0
GRID_0842,2.54,220.0,10.55,29.0
GRID_0843,0.96,213.0,8.0,29.2
GRID_0844,2.06,190.0,10.95,30.1
GRID_0846,2.62,215.0,10.35,29.2
GRID_0848,2.44,218.0,11.0,29.3
GRID_0851,2.58,216.0,10.3,29.1
GRID_0852,1.84,201.0,10.95,30.1
GRID_0853,2.12,204.0,9.65,27.6
GRID_0854,1.16,146.0,10.8,29.9
GRID_0857,2.08,197.0,8.9,29.1
GRID_0858,2.5,223.0,10.25,29.0
GRID_0860,2.08,217.0,10.65,29.2
GRID_0864,2.34,205.0,10.55,29.6
GRID_0865,1.38,220.0,10.5,30.4
GRID_0867,1.84,190.0,8.65,29.4
GRID_0868,1.96,196.0,10.8,30.0
GRID_0869,2.5,231.0,9.55,28.6
GRID_0873,2.62,229.0,9.1,28.0
GRID_0875,2.06,208.0,10.95,29.4
GRID_0877,2.14,219.0,10.5,29.3
GRID_0878,2.26,209.0,9.85,28.8
GRID_0883,2.08,185.0,9.35,29.7
GRID_0886,2.64,210.0,10.8,28.9
GRID_0887,1.48,232.0,7.05,29.0
GRID_0889,2.22,195.0,9.85,27.8
GRID_0891,2.66,210.0,10.2,29.0
GRID_0892,2.52,223.0,9.8,28.4
GRID_0896,2.4,216.0,11.7,29.2
GRID_0897,2.18,207.0,9.6,27.6
GRID_1037,1.84,237.0,9.0,28.8
GRID_1039,1.98,189.0,11.15,28.7
GRID_1041,2.06,227.0,9.5,29.0
GRID_1042,1.88,160.0,11.2,29.8
GRID_1043,2.52,237.0,9.75,28.4
GRID_1044,2.2,224.0,10.25,29.1
GRID_1047,1.96,194.0,8.85,28.9
GRID_1049,1.92,204.0,10.85,29.6
GRID_1051,1.88,187.0,8.5,29.1
GRID_1053,1.94,186.0,8.9,29.9
GRID_1054,2.52,231.0,9.75,28.7
GRID_1059,1.46,234.0,8.4,26.8
GRID_1060,2.34,210.0,10.15,29.2
GRID_1062,1.4,221.0,10.6,27.8
GRID_1063,2.72,211.0,10.15,28.8
GRID_1064,2.84,210.0,10.4,29.1
GRID_1065,2.56,222.0,9.8,28.4
GRID_1069,1.94,208.0,10.8,29.4
GRID_1071,2.16,219.0,10.2,28.8
GRID_1074,2.7,236.0,9.25,28.4
GRID_1075,2.12,227.0,9.35,28.8
GRID_1077,2.16,191.0,9.6,29.5
GRID_1078,2.58,229.0,9.15,28.1
GRID_1084,2.0,239.0,8.5,28.4
GRID_1085,2.12,211.0,10.65,29.3
GRID_1086,2.3,222.0,10.15,29.0
GRID_1087,2.56,232.0,9.7,28.6
GRID_1088,1.86,246.0,8.75,28.9
GRID_1089,2.06,222.0,8.85,28.0
GRID_1090,1.6,240.0,7.1,29.0
GRID_1092,2.0,240.0,8.4,28.6
GRID_1094,2.7,210.0,10.3,29.0
GRID_1095,2.72,214.0,10.35,29.0
GRID_1096,2.34,203.0,9.6,28.8
GRID_1099,2.26,219.0,10.35,29.1
GRID_1101,1.76,186.0,9.35,29.9
GRID_1104,1.96,189.0,8.55,29.6
GRID_1106,1.98,195.0,8.35,29.5
GRID_1107,2.46,230.0,9.15,28.1
GRID_1108,0.88,173.0,9.9,30.4
GRID_1112,0.62,180.0,3.9,31.0
GRID_1114,1.94,209.0,10.85,29.5
GRID_1115,1.46,169.0,9.65,30.0
GRID_1116,0.96,198.0,6.25,29.4
GRID_1117,2.26,225.0,10.15,29.0
GRID_1119,2.52,218.0,11.3,29.1
GRID_1120,1.72,213.0,10.8,30.0
GRID_1121,2.52,224.0,9.7,28.4
GRID_1122,2.86,210.0,10.3,28.9
GRID_1125,1.78,244.0,9.25,29.1
GRID_1126,2.12,184.0,9.55,29.7
GRID_1127,2.58,221.0,11.1,29.0
GRID_1131,0.8,164.0,6.95,29.4
GRID_1133,1.98,200.0,10.85,29.6
GRID_1134,0.82,195.0,6.65,29.3
GRID_1136,2.3,221.0,10.25,28.9
GRID_1137,2.46,215.0,10.25,29.1
GRID_1138,1.76,182.0,9.1,29.3
GRID_1139,0.78,154.0,8.1,27.8
GRID_1141,2.26,219.0,9.85,28.9
GRID_1142,2.62,236.0,9.6,28.3
GRID_1143,1.58,215.0,10.6,30.1
GRID_1146,1.12,150.0,9.0,29.9
GRID_1153,2.0,185.0,9.5,29.9
GRID_1154,2.32,195.0,10.6,28.9
GRID_1157,2.38,242.0,9.65,28.7
GRID_1158,2.14,189.0,10.8,29.1
GRID_1159,1.64,220.0,8.6,28.8
GRID_1160,2.48,229.0,9.75,28.8
GRID_1162,1.84,188.0,9.2,29.6
GRID_1164,2.36,204.0,9.35,29.0
GRID_1168,2.12,187.0,9.45,29.9
GRID_1170,2.16,195.0,9.35,29.4
GRID_1173,2.22,217.0,10.4,29.1
GRID_1174,2.1,224.0,9.65,29.0
GRID_1176,1.42,201.0,10.9,27.3
GRID_1178,2.16,234.0,9.15,29.0
GRID_1179,1.6,235.0,7.55,28.9
GRID_1180,1.62,251.0,9.5,29.8
GRID_1187,1.9,202.0,10.95,29.9
GRID_1190,2.28,202.0,10.4,28.4
GRID_1193,2.9,212.0,10.45,29.0
GRID_1198,1.54,230.0,8.1,28.9
GRID_1199,2.18,185.0,10.2,29.8
GRID_1201,1.24,257.0,9.05,
GRID_1203,2.62,220.0,10.25,29.1
GRID_1204,2.68,235.0,9.25,28.2
GRID_1205,2.34,222.0,10.15,29.0
GRID_1208,1.68,184.0,8.55,29.9
GRID_1212,2.08,186.0,9.35,29.9
GRID_1213,1.9,192.0,8.5,29.4
GRID_1218,2.24,222.0,9.15,27.9
GRID_1219,2.28,219.0,9.8,28.9
GRID_1222,2.54,220.0,11.0,29.0
GRID_1223,1.96,195.0,8.95,29.0
GRID_1225,2.06,200.0,8.45,29.4
GRID_1226,2.4,223.0,10.0,28.9
GRID_1229,2.72,236.0,9.2,28.2
GRID_1230,2.38,204.0,9.7,29.0
GRID_1231,2.06,229.0,9.3,29.0
GRID_1232,2.26,220.0,10.25,29.1
GRID_1233,2.64,216.0,10.3,29.1
GRID_1235,2.0,203.0,10.95,29.7
GRID_1237,1.62,216.0,8.45,28.8
GRID_1240,2.08,188.0,9.2,29.4
GRID_1241,2.8,233.0,9.3,28.1
GRID_1242,1.86,180.0,9.25,29.6
GRID_1243,1.72,218.0,9.1,29.1
GRID_1248,2.62,233.0,9.3,28.2
GRID_1250,1.76,249.0,8.65,28.8
GRID_1251,2.78,236.0,9.1,28.3
GRID_1259,2.32,226.0,9.15,28.1
GRID_1265,2.26,191.0,9.7,29.5
GRID_1267,2.02,217.0,9.4,28.9
GRID_1268,1.98,200.0,10.8,29.6
GRID_1271,1.92,182.0,9.65,29.7
GRID_1272,2.3,205.0,9.6,28.7
GRID_1274,1.84,193.0,10.8,30.4
GRID_1276,2.92,211.0,10.5,28.8
GRID_1277,1.98,197.0,10.85,29.9
GRID_1278,2.3,235.0,9.8,28.6
GRID_1279,1.88,195.0,10.85,30.3
GRID_1280,2.32,211.0,10.05,29.1
GRID_1282,1.78,221.0,8.9,28.9
GRID_1289,2.42,237.0,9.65,28.6
GRID_1290,2.24,223.0,9.7,28.9
GRID_1291,1.98,197.0,10.85,29.7
GRID_1293,1.62,233.0,7.95,28.9
GRID_1295,1.8,225.0,9.2,27.7
GRID_1297,1.86,226.0,8.35,28.5
GRID_1298,2.06,208.0,10.55,29.5
GRID_1299,0.58,159.0,9.15,30.2
GRID_1302,1.36,222.0,9.25,29.0
GRID_1303,2.04,200.0,8.55,29.2
GRID_1305,2.7,229.0,9.1,27.9
GRID_1307,2.02,228.0,9.35,29.0
GRID_1311,1.82,190.0,8.9,29.2
GRID_1313,2.5,229.0,9.6,28.5
GRID_1314,2.48,214.0,11.6,29.1
GRID_1315,2.06,187.0,9.8,29.3
GRID_1316,2.48,215.0,11.4,29.6
GRID_1319,1.8,181.0,9.15,29.4
GRID_1321,1.94,192.0,8.95,28.9
GRID_1323,2.66,212.0,10.5,28.8
GRID_1324,1.14,146.0,10.65,29.8
GRID_1325,1.42,220.0,10.55,30.2
GRID_1326,2.22,221.0,10.35,29.1
GRID_1327,2.54,231.0,9.65,28.6
GRID_1334,1.36,249.0,8.9,29.1
GRID_1335,2.18,204.0,10.6,29.5
GRID_1336,2.04,201.0,8.3,29.3
GRID_1339,1.88,239.0,9.6,29.0
GRID_1340,1.52,218.0,7.4,28.9
GRID_1341,1.8,208.0,10.95,30.0
GRID_1342,1.98,195.0,8.8,29.0
GRID_1343,2.26,208.0,9.7,28.8
GRID_1345,2.2,235.0,8.8,28.3
GRID_1347,2.42,228.0,9.8,28.8
GRID_1349,2.24,190.0,9.55,29.6
GRID_1353,1.7,185.0,8.8,28.5
GRID_1354,2.34,217.0,10.2,29.1
GRID_1355,1.44,170.0,9.45,27.6
GRID_1358,2.24,225.0,9.3,28.2
GRID_1359,1.92,188.0,8.7,29.2
GRID_1362,0.86,150.0,8.3,29.7
GRID_1363,0.98,158.0,9.6,30.8
GRID_1364,2.46,240.0,9.7,28.7
GRID_1365,1.58,235.0,7.7,28.9
GRID_1366,2.3,221.0,9.95,29.0
GRID_1369,2.2,189.0,9.25,29.6
GRID_1372,2.6,236.0,9.6,28.3
GRID_1376,1.96,196.0,8.3,29.4
GRID_1377,1.14,156.0,8.95,30.0
GRID_1379,2.68,234.0,9.2,28.2
GRID_1380,2.02,185.0,9.35,29.4
GRID_1381,2.52,222.0,10.15,29.0
GRID_1384,2.24,239.0,8.7,28.5
GRID_1385,2.54,215.0,10.3,29.1
GRID_1386,1.18,204.0,8.1,29.1
GRID_1388,1.48,211.0,10.65,30.4
GRID_1389,1.62,245.0,7.5,29.0
GRID_1390,1.72,230.0,8.8,27.0
GRID_1392,1.28,248.0,9.3,28.1
GRID_1394,2.08,188.0,9.35,29.9
GRID_1395,0.28,241.0,4.35,28.7
GRID_1397,2.4,233.0,9.3,28.4
GRID_1399,2.76,210.0,9.95,28.7
GRID_1400,1.96,203.0,10.75,29.6
GRID_1401,2.66,231.0,9.15,28.1
GRID_1402,2.24,208.0,9.8,28.8
GRID_1403,2.66,226.0,9.6,28.2
GRID_1406,1.74,212.0,11.0,28.9
GRID_1407,1.82,185.0,9.55,29.9
GRID_1410,1.78,224.0,8.95,28.2
GRID_1411,1.8,173.0,8.85,28.7
GRID_1412,1.04,228.0,10.75,27.7
GRID_1413,1.4,246.0,6.85,29.0
GRID_1414,2.56,231.0,9.35,28.2
GRID_1416,2.5,220.0,10.9,29.1
GRID_1420,0.62,204.0,3.95,29.9
GRID_1421,1.94,198.0,10.8,30.0
GRID_1422,2.2,215.0,10.55,29.1
GRID_1424,2.56,230.0,9.3,28.1
GRID_1425,2.16,243.0,9.45,28.8
GRID_1426,2.1,237.0,8.85,28.9
GRID_1428,1.54,245.0,9.65,29.1
GRID_1494,2.04,197.0,8.9,29.0
GRID_1495,2.2,204.0,10.05,27.6
GRID_1497,2.5,239.0,9.7,28.6
GRID_1498,2.4,238.0,9.75,28.5
GRID_1499,1.86,179.0,9.55,29.6
GRID_1500,1.26,223.0,10.55,28.7
GRID_1501,0.52,189.0,3.65,31.1
GRID_1504,0.34,228.0,4.6,
GRID_1506,1.44,256.0,9.05,28.0
GRID_1508,2.32,193.0,10.6,29.1
GRID_1509,2.5,224.0,9.8,28.5
GRID_1511,2.14,227.0,9.3,28.9
GRID_1514,2.56,221.0,10.35,29.0
GRID_1515,2.16,189.0,9.7,29.3
GRID_1516,1.88,182.0,9.05,29.5
GRID_1517,0.78,142.0,8.25,30.9
GRID_1518,2.44,214.0,10.25,29.2
GRID_1519,1.78,201.0,10.95,30.1
GRID_1522,0.72,229.0,7.3,29.7
GRID_1523,2.58,220.0,10.2,29.1
GRID_1524,1.92,222.0,9.65,28.6
GRID_1526,1.18,224.0,9.45,29.7
GRID_1531,1.72,181.0,8.95,29.6
GRID_1532,2.2,213.0,9.75,28.8
GRID_1533,1.66,182.0,8.45,28.9
GRID_1534,2.16,184.0,10.05,29.8
GRID_1535,2.36,193.0,10.6,28.9
GRID_1538,1.48,235.0,7.15,29.0
GRID_1539,1.54,252.0,9.5,29.6
GRID_1541,2.56,217.0,11.4,29.0
GRID_1542,2.3,221.0,10.25,29.0
GRID_1544,2.02,204.0,11.0,29.7
GRID_1547,2.86,232.0,9.15,28.0
GRID_1548,0.44,141.0,8.0,31.0
GRID_1550,2.04,196.0,9.15,29.2
GRID_1559,1.42,213.0,8.05,28.8
GRID_1560,2.08,195.0,9.1,29.2
GRID_1561,2.8,235.0,9.1,28.2
GRID_1562,1.94,207.0,10.4,29.4
GRID_1563,2.22,216.0,9.9,28.8
GRID_1565,1.98,190.0,10.9,30.3
GRID_1567,2.1,208.0,10.5,29.5
GRID_1568,2.32,192.0,9.4,29.5
GRID_1574,1.98,234.0,8.4,29.1
GRID_1575,0.88,156.0,7.4,29.6
GRID_1578,2.02,230.0,8.7,28.0
GRID_1580,1.94,244.0,8.8,28.8
GRID_1586,2.28,235.0,9.8,28.7
GRID_1589,2.34,210.0,10.35,29.2
GRID_1590,2.52,208.0,10.05,28.9
GRID_1592,1.62,239.0,10.15,29.0
GRID_1593,1.78,233.0,9.1,28.5
GRID_1594,2.5,233.0,9.9,28.6
GRID_1596,1.28,165.0,8.1,30.1
GRID_1597,2.32,194.0,10.5,28.6
GRID_1598,2.14,190.0,9.6,29.5
GRID_1601,1.92,203.0,10.8,29.7
GRID_1602,1.28,211.0,7.95,29.0
GRID_1603,2.06,196.0,8.85,29.0
GRID_1605,2.14,200.0,10.25,28.6
GRID_1607,1.14,184.0,8.95,29.9
GRID_1611,2.16,233.0,8.95,28.3
GRID_1614,2.08,230.0,8.9,28.9
GRID_1615,2.28,206.0,9.8,28.8
GRID_1616,0.86,146.0,8.55,29.8
GRID_1617,1.02,219.0,8.65,29.0
GRID_1618,2.44,220.0,10.0,28.8
GRID_1619,1.08,172.0,8.7,29.7
GRID_1620,1.96,194.0,11.05,30.2
GRID_1623,2.32,235.0,9.1,28.5
GRID_1624,1.8,196.0,10.85,30.4
GRID_1625,2.08,209.0,10.55,29.4
GRID_1627,1.36,217.0,9.2,28.8
GRID_1628,2.24,234.0,9.8,28.8
GRID_1629,2.54,230.0,9.3,28.1
GRID_1631,2.7,237.0,9.25,28.4
GRID_1632,2.52,220.0,10.85,29.0
GRID_1635,2.14,197.0,9.2,29.2
GRID_1636,2.1,210.0,10.6,29.2
GRID_1637,1.88,203.0,10.95,30.1
GRID_1640,2.24,223.0,9.2,28.1
GRID_1647,2.02,243.0,9.25,28.8
GRID_1648,2.28,228.0,9.45,29.0
GRID_1657,2.32,197.0,10.6,28.8
GRID_1658,1.82,209.0,10.95,30.0
GRID_1659,2.04,242.0,9.4,28.9
GRID_1660,1.78,160.0,11.2,29.9
GRID_1662,2.56,219.0,11.2,29.0
GRID_1663,1.98,185.0,9.3,29.4
GRID_1665,2.06,209.0,10.9,29.5
GRID_1666,1.4,248.0,9.1,29.2
GRID_1669,2.06,207.0,10.6,29.5
GRID_1670,2.36,203.0,9.65,28.8
GRID_1672,2.34,238.0,9.45,28.6
GRID_1675,0.88,200.0,9.65,28.8
GRID_1677,1.52,229.0,9.0,29.3
GRID_1679,1.66,245.0,7.3,29.0
GRID_1680,2.18,194.0,10.95,29.8
GRID_1681,2.0,187.0,8.6,29.5
GRID_1683,1.66,211.0,10.75,30.1
GRID_1684,2.18,213.0,9.7,28.8
GRID_1685,2.1,193.0,10.95,29.8
GRID_1686,1.9,190.0,10.95,30.3
GRID_1688,1.92,188.0,9.2,29.4
GRID_1689,2.82,233.0,9.1,28.1
GRID_1690,2.64,233.0,9.2,28.3
GRID_1691,0.26,208.0,7.7,28.9
GRID_1692,1.88,201.0,10.8,30.0
GRID_1694,2.14,188.0,9.35,29.2
GRID_1695,2.02,193.0,8.95,29.0
GRID_1698,1.7,199.0,10.6,29.5
GRID_1699,2.56,222.0,10.15,29.1
GRID_1700,2.7,213.0,10.4,28.8
GRID_0001,,,,
GRID_0004,,,,
GRID_0006,,,,
GRID_0007,,,,
GRID_0011,,,,
GRID_0013,,,,
GRID_0015,,,,
GRID_0017,,,,
GRID_0019,,,,
GRID_0023,,,,
GRID_0035,,,,
GRID_0038,,,,
GRID_0043,,,,
GRID_0044,,,,
GRID_0045,,,,
GRID_0046,,,,
GRID_0047,,,,
GRID_0057,,,,
GRID_0058,,,,
GRID_0063,,,,
GRID_0064,,,,
GRID_0067,,,,
GRID_0068,,,,
GRID_0070,,,,
GRID_0072,,,,
GRID_0075,,,,
GRID_0076,,,,
GRID_0077,,,,
GRID_0081,,,,
GRID_0085,,,,
GRID_0088,,,,
GRID_0095,,,,
GRID_0103,,,,
GRID_0104,,,,
GRID_0110,,,,
GRID_0111,,,,
GRID_0116,,,,
GRID_0119,,,,
GRID_0120,,,,
GRID_0131,,,,
GRID_0136,,,,
GRID_0141,,,,
GRID_0153,,,,
GRID_0155,,,,
GRID_0156,,,,28.4
GRID_0158,,,,
GRID_0162,,,,
GRID_0164,,,,
GRID_0165,,,,
GRID_0168,,,,
GRID_0170,,,,
GRID_0173,,,,
GRID_0177,,,,
GRID_0184,,,,
GRID_0190,,,,
GRID_0199,,,,
GRID_0203,,,,
GRID_0209,,,,
GRID_0217,,,,
GRID_0220,,,,
GRID_0221,,,,
GRID_0233,,,,
GRID_0234,,,,
GRID_0251,,,,
GRID_0255,,,,
GRID_0258,,,,
GRID_0262,,,,
GRID_0271,,,,
GRID_0273,,,,
GRID_0276,,,,
GRID_0286,,,,
GRID_0297,,,,
GRID_0299,,,,
GRID_0303,,,,
GRID_0304,,,,
GRID_0309,,,,
GRID_0311,,,,
GRID_0315,,,,
GRID_0327,,,,
GRID_0331,,,,
GRID_0335,,,,
GRID_0336,,,,
GRID_0339,,,,
GRID_0342,,,,
GRID_0345,,,,
GRID_0351,,,,
GRID_0361,,,,
GRID_0364,,,,
GRID_0365,,,,
GRID_0370,,,,
GRID_0372,,,,
GRID_0376,,,,
GRID_0383,,,,
GRID_0386,,,,
GRID_0389,,,,
GRID_0393,,,,
GRID_0394,,,,
GRID_0406,,,,
GRID_0407,,,,
GRID_0410,,,,
GRID_0432,,,,
GRID_0433,,,,
GRID_0435,,,,
GRID_0446,,,,
GRID_0447,,,,
GRID_0452,,,,
GRID_0455,,,,
GRID_0458,,,,
GRID_0462,,,,
GRID_0465,,,,
GRID_0467,,,,
GRID_0468,,,,
GRID_0469,,,,
GRID_0470,,,,
GRID_0478,,,,
GRID_0482,,,,
GRID_0487,,,,
GRID_0489,,,,
GRID_0493,,,,
GRID_0496,,,,
GRID_0504,,,,
GRID_0505,,,,
GRID_0511,,,,
GRID_0514,,,,
GRID_0518,,,,
GRID_0525,,,,
GRID_0536,,,,
GRID_0541,,,,
GRID_0543,,,,
GRID_0544,,,,
GRID_0550,,,,
GRID_0768,,,,
GRID_0770,,,,
GRID_0772,,,,
GRID_0774,,,,
GRID_0776,,,,
GRID_0778,,,,
GRID_0779,,,,
GRID_0780,,,,
GRID_0789,,,,
GRID_0791,,,,
GRID_0794,,,,
GRID_0797,,,,
GRID_0798,,,,
GRID_0809,,,,
GRID_0827,,,,
GRID_0836,,,,
GRID_0838,,,,
GRID_0839,,,,
GRID_0840,,,,
GRID_0847,,,,
GRID_0856,,,,
GRID_0859,,,,
GRID_0862,,,,
GRID_0863,,,,
GRID_0866,,,,
GRID_0870,,,,
GRID_0871,,,,
GRID_0876,,,,
GRID_0894,,,,
GRID_0895,,,,
GRID_1040,,,,
GRID_1046,,,,
GRID_1050,,,,
GRID_1055,,,,
GRID_1058,,,,
GRID_1061,,,,
GRID_1066,,,,
GRID_1067,,,,
GRID_1068,,,,
GRID_1070,,,,
GRID_1072,,,,
GRID_1076,,,,
GRID_1081,,,,
GRID_1082,,,,
GRID_1083,,,,
GRID_1100,,,,
GRID_1102,,,,
GRID_1113,,,,
GRID_1124,,,,
GRID_1128,,,,
GRID_1135,,,,
GRID_1144,,,,
GRID_1145,,,,
GRID_1150,,,,
GRID_1151,,,,
GRID_1152,,,,
GRID_1156,,,,
GRID_1163,,,,
GRID_1165,,,,
GRID_1166,,,,
GRID_1167,,,,
GRID_1169,,,,
GRID_1172,,,,
GRID_1175,,,,
GRID_1177,,,,
GRID_1183,,,,
GRID_1184,,,,
GRID_1188,,,,
GRID_1189,,,,
GRID_1195,,,,
GRID_1200,,,,
GRID_1202,,,,
GRID_1206,,,,
GRID_1209,,,,
GRID_1210,,,,
GRID_1214,,,,
GRID_1216,,,,
GRID_1217,,,,
GRID_1224,,,,
GRID_1227,,,,
GRID_1234,,,,
GRID_1236,,,,
GRID_1244,,,,
GRID_1249,,,,
GRID_1253,,,,
GRID_1257,,,,
GRID_1258,,,,
GRID_1264,,,,
GRID_1266,,,,
GRID_1269,,,,
GRID_1270,,,,
GRID_1281,,,,
GRID_1283,,,,
GRID_1284,,,,
GRID_1286,,,,
GRID_1288,,,,30.2
GRID_1296,,,,
GRID_1300,,,,
GRID_1301,,,,
GRID_1304,,,,
GRID_1306,,,,
GRID_1309,,,,
GRID_1310,,,,
GRID_1312,,,,
GRID_1320,,,,
GRID_1322,,,,
GRID_1328,,,,
GRID_1330,,,,
GRID_1331,,,,
GRID_1332,,,,
GRID_1333,,,,
GRID_1337,,,,
GRID_1348,,,,
GRID_1356,,,,
GRID_1357,,,,
GRID_1370,,,,
GRID_1371,,,,
GRID_1374,,,,30.0
GRID_1378,,,,
GRID_1398,,,,
GRID_1408,,,,
GRID_1409,,,,
GRID_1417,,,,
GRID_1427,,,,
GRID_1496,,,,
GRID_1503,,,,
GRID_1505,,,,
GRID_1510,,,,
GRID_1513,,,,
GRID_1520,,,,
GRID_1521,,,,
GRID_1528,,,,
GRID_1530,,,,
GRID_1546,,,,
GRID_1549,,,,
GRID_1552,,,,
GRID_1564,,,,
GRID_1566,,,,
GRID_1573,,,,
GRID_1581,,,,
GRID_1587,,,,
GRID_1588,,,,
GRID_1595,,,,
GRID_1608,,,,
GRID_1610,,,,
GRID_1621,,,,
GRID_1626,,,,
GRID_1630,,,,
GRID_1633,,,,
GRID_1638,,,,
GRID_1641,,,,
GRID_1643,,,,
GRID_1645,,,,
GRID_1649,,,,
GRID_1650,,,,
GRID_1652,,,,
GRID_1653,,,,
GRID_1655,,,,
GRID_1656,,,,
GRID_1661,,,,
GRID_1664,,,,
GRID_1668,,,,
GRID_1671,,,,
GRID_1678,,,,
GRID_1687,,,,
GRID_1696,,,,
GRID_1697,,,,
